train_size,train_f1_macro_mean,train_f1_macro_std,cv_f1_macro_mean,cv_f1_macro_std,fit_time_mean_s,score_time_mean_s
11689,0.9979714123249547,0.0003186915005089415,0.936672005122778,0.0010175152639062947,0.6006614367167155,0.2259659767150879
29223,0.9872243728720115,0.0007767214604526876,0.9422139358045989,0.0002133012920655138,0.8039326667785645,0.20591330528259277
58447,0.9734937054063627,0.0007696025931782279,0.9448314913940353,0.0010432045813214203,1.2637912432352703,0.2119902769724528
87670,0.9661027923233747,0.0006305335570981514,0.9469058119656962,0.0007907297941647983,1.5865861574808757,0.20998136202494302
116894,0.9625018788345789,0.0001780683369264265,0.9484136717021717,0.00137855605996501,1.827865203221639,0.20367042223612467
