model,accuracy,precision,recall,f1,f1_macro,f1_weighted,roc_auc,average_precision,fit_s,pred_s,pred_ms_per_sample
lightgbm,0.9078122722635185,0.8753928784563357,0.9707491396805789,0.9206083554737349,0.9053535536599511,0.9068973398999604,0.9852553449505271,0.9891226576222689,2.031431600014912,0.26568569999653846,0.003227004080995706
rf,0.8713137054851091,0.8171459874007121,0.987183446571958,0.894152671908249,0.8650297796637594,0.8679770169248618,0.9802477925622612,0.9837218744835248,9.576545099989744,0.41517160000512376,0.005042651702923818
xgboost,0.8704756352329592,0.8194029850746268,0.9809626753728051,0.8929338768297825,0.8645143393555326,0.8673903971002181,0.9830148779216877,0.9876749227608173,2.6918001000012737,0.22562300000572577,0.0027404047029797136
extratrees,0.869625419035126,0.8166227395856211,0.9842274772787435,0.8926256402048656,0.8633556048186439,0.8663177329685492,0.9746041350182796,0.9745126840745943,5.529890000005253,0.4212675000017043,0.005116692173173302
logreg,0.8669897488218433,0.837697672134368,0.940682078884673,0.8862080073152737,0.8630844207444592,0.8654245281547982,0.9659265049925954,0.9729254655039474,4.57918579998659,0.15988520000246353,0.0019419569547984203
