model_a,model_b,accuracy_a,accuracy_b,accuracy_diff_a_minus_b,both_correct,both_wrong,a_correct_b_wrong,a_wrong_b_correct,discordant_pairs,mcnemar_exact_p,mcnemar_chi2_stat,mcnemar_chi2_p,significant_at_0_05,direction
lightgbm,xgboost,0.9918177739066171,0.9916330139625729,0.00018475994404421048,37508,248,69,62,131,0.6002946177102672,0.2748091603053435,0.600123839086998,False,model_a_better
lightgbm,rf,0.9918177739066171,0.9904452714651464,0.001372502441470691,37468,253,109,57,166,6.647590322745831e-05,15.668674698795181,7.546372784947807e-05,True,model_a_better
xgboost,rf,0.9916330139625729,0.9904452714651464,0.0011877424974264805,37458,250,112,67,179,0.000952894542130704,10.815642458100559,0.001006460929437305,True,model_a_better
lightgbm,extratrees,0.9918177739066171,0.9896006545780874,0.0022171193285296376,37438,255,139,55,194,1.4143141084059861e-09,35.51030927835052,2.5370425447717046e-09,True,model_a_better
rf,extratrees,0.9904452714651464,0.9896006545780874,0.0008446168870589466,37448,317,77,45,122,0.004800874060088967,7.877049180327869,0.005006610657445084,True,model_a_better
