train_size,train_f1_macro_mean,train_f1_macro_std,cv_f1_macro_mean,cv_f1_macro_std,fit_time_mean_s,score_time_mean_s
11689,0.9979714123249547,0.0003186915005089415,0.936672005122778,0.0010175152639062947,0.47850314776102704,0.21570205688476562
29223,0.9872243728720115,0.0007767214604526876,0.9422139358045989,0.0002133012920655138,0.7107139428456625,0.19536797205607095
58447,0.9734937054063627,0.0007696025931782279,0.9448314913940353,0.0010432045813214203,0.9246248404184977,0.2055344581604004
87670,0.9661027923233747,0.0006305335570981514,0.9469058119656962,0.0007907297941647983,1.1805752118428547,0.2036894957224528
116894,0.9625018788345789,0.0001780683369264265,0.9484136717021717,0.00137855605996501,1.4003299077351887,0.19922304153442383
