{
  "best_model": "lightgbm",
  "test_shape": [
    37887,
    40
  ],
  "class_names": [
    "backdoor",
    "ddos",
    "dos",
    "injection",
    "normal",
    "password",
    "ransomware",
    "scanning",
    "xss"
  ],
  "best_model_test_metrics": {
    "accuracy": 0.9918177739066171,
    "f1_macro": 0.9906774351056309,
    "f1_weighted": 0.991823924407053,
    "precision_macro": 0.9904748604421876,
    "recall_macro": 0.9909099530019496,
    "roc_auc_ovr_macro": 0.9999094332587357,
    "roc_auc_ovr_weighted": 0.9999206216872657,
    "top2_accuracy": 0.9980204291709558,
    "top3_accuracy": 0.9994985087233088,
    "pred_ms_per_sample": 0.02122180695235564,
    "proba_ms_per_sample": 0.02108935518795832
  }
}