model,accuracy,balanced_accuracy,precision_macro,recall_macro,f1_macro,f1_weighted,roc_auc_ovr_macro,roc_auc_ovr_weighted,top2_accuracy,top3_accuracy,fit_s,pred_s,pred_ms_per_sample,proba_s,proba_ms_per_sample
lightgbm,0.6982704173346936,0.6444975545282864,0.5439215035724068,0.6444975545282864,0.5268790903489384,0.749010162941351,0.9561340226550019,0.9689013062461613,0.8863625321867561,0.9306709420395471,12.059364500019,1.4479549000097904,0.017586781567431747,1.3879508999816608,0.016857976242307497
rf,0.7515182432104164,0.5419510394629445,0.5388434901146039,0.5419510394629445,0.5110720085506916,0.7859087068233139,0.9428993597098053,0.9626720723193489,0.8960671427877375,0.9297357042219307,10.163819700013846,0.5850579999969341,0.007106082689560974,0.5835653999820352,0.007087953650853072
xgboost,0.7639313996987805,0.5362114686148619,0.5257970613052244,0.5362114686148619,0.5004451810939535,0.7814392403370749,0.9623381609473134,0.9746184311107406,0.9234441043579653,0.9568454549871253,17.29707640002016,0.4922184000024572,0.005978457950765889,0.46977359999436885,0.005705844628994423
extratrees,0.7445707622795511,0.5566074109667005,0.548667258131889,0.5566074109667005,0.4928483278616208,0.780141177334705,0.9097323547364053,0.9448742778648218,0.8793907593645242,0.9082495263081184,5.446667799988063,0.6401609999884386,0.00777536073444637,0.6284521000052337,0.007633145071238809
logreg,0.6203784676674926,0.5648189426011788,0.40299292973030154,0.5648189426011788,0.3580043082475677,0.6852532085149678,0.9437465992044147,0.9532690955510932,0.7744012048778118,0.8549652625953457,31.949466599995503,0.1694417999824509,0.002058030899072668,0.22896720000426285,0.0027810231745161403
