{
  "seeds": [
    7,
    21,
    42,
    84,
    168
  ],
  "multiclass_summary": [
    {
      "acc_mean": 0.9921081109615436,
      "acc_std": 1.2412670766236366e-16,
      "f1_macro_mean": 0.9910075088916381,
      "f1_macro_std": 0.0,
      "f1_weighted_mean": 0.9921141822341232,
      "f1_weighted_std": 0.0,
      "prec_macro_mean": 0.9907648637736315,
      "prec_macro_std": 1.2412670766236366e-16,
      "rec_macro_mean": 0.9912817865567758,
      "rec_macro_std": 0.0,
      "roc_auc_ovr_macro_mean": 0.9999108458546873,
      "roc_auc_ovr_macro_std": 0.0,
      "fit_s_mean": 7.488712279993342,
      "fit_s_std": 0.9469506349796252
    }
  ],
  "binary_summary": [
    {
      "scenario": [
        "95_5"
      ],
      "acc_mean": 0.9981152993348117,
      "acc_std": 1.2412670766236366e-16,
      "f1_mean": 0.983284169124877,
      "f1_std": 0.0,
      "precision_mean": 0.9671179883945842,
      "precision_std": 0.0,
      "recall_tpr_mean": 1.0,
      "recall_tpr_std": 0.0,
      "fpr_mean": 0.001995305164319249,
      "fpr_std": 0.0,
      "roc_auc_mean": 0.9999958333333334,
      "roc_auc_std": 0.0,
      "pr_auc_mean": 0.9999296566082542,
      "pr_auc_std": 0.0,
      "fit_s_mean": 0.9724551399995107,
      "fit_s_std": 0.06969974335970228
    },
    {
      "scenario": [
        "99_1"
      ],
      "acc_mean": 0.9980278422273783,
      "acc_std": 1.2412670766236366e-16,
      "f1_mean": 0.9216589861751153,
      "f1_std": 1.2412670766236366e-16,
      "precision_mean": 0.8547008547008547,
      "precision_std": 0.0,
      "recall_tpr_mean": 1.0,
      "recall_tpr_std": 0.0,
      "fpr_mean": 0.001995305164319249,
      "fpr_std": 0.0,
      "roc_auc_mean": 0.999987676056338,
      "roc_auc_std": 0.0,
      "pr_auc_mean": 0.9990516047227074,
      "pr_auc_std": 0.0,
      "fit_s_mean": 0.9724551399995107,
      "fit_s_std": 0.06969974335970228
    }
  ],
  "plot_files": [
    "multiseed_stability_outputs\\figures\\multiclass_macro_f1_by_seed.png",
    "multiseed_stability_outputs\\figures\\multiclass_macro_f1_by_seed.pdf",
    "multiseed_stability_outputs\\figures\\binary_pr_auc_by_seed.png",
    "multiseed_stability_outputs\\figures\\binary_pr_auc_by_seed.pdf"
  ]
}