model_a,model_b,mean_per_class_f1_a,mean_per_class_f1_b,mean_per_class_f1_diff_a_minus_b,wilcoxon_statistic,wilcoxon_p,significant_at_0_05,n_classes
lightgbm,xgboost,0.9906774351056309,0.9905712995032876,0.00010613560234346626,16.0,0.84375,False,9
lightgbm,rf,0.9906774351056309,0.9892284695511359,0.0014489655544951778,1.0,0.03125,True,9
xgboost,rf,0.9905712995032876,0.9892284695511359,0.0013428299521517115,2.0,0.0234375,True,9
lightgbm,extratrees,0.9906774351056309,0.9882943415842702,0.0023830935213607412,3.0,0.01953125,True,9
xgboost,extratrees,0.9905712995032876,0.9882943415842702,0.002276957919017275,2.0,0.01171875,True,9
