model,accuracy,precision,recall,f1,f1_macro,f1_weighted,roc_auc,average_precision,fit_s,pred_s,pred_ms_per_sample
lightgbm,0.9078122722635185,0.8753928784563357,0.9707491396805789,0.9206083554737349,0.9053535536599511,0.9068973398999604,0.9852553449505271,0.9891226576222689,1.7905994999746326,0.26346940000075847,0.0032000850216289956
rf,0.8713137054851091,0.8171459874007121,0.987183446571958,0.894152671908249,0.8650297796637594,0.8679770169248618,0.9802477925622612,0.9837218744835248,9.544555400003446,0.39597670000512153,0.004809511490126823
xgboost,0.8704756352329592,0.8194029850746268,0.9809626753728051,0.8929338768297825,0.8645143393555326,0.8673903971002181,0.9830148779216877,0.9876749227608173,2.4264045000018086,0.21167100002639927,0.00257094446905698
extratrees,0.869625419035126,0.8166227395856211,0.9842274772787435,0.8926256402048656,0.8633556048186439,0.8663177329685492,0.9746041362106836,0.9745126859317358,5.194786100008059,0.40594660001806915,0.004930605354152324
logreg,0.8669897488218433,0.837697672134368,0.940682078884673,0.8862080073152737,0.8630844207444592,0.8654245281547982,0.9659265049925954,0.9729254655039474,4.424865300010424,0.1864763000048697,0.002264931011087666
